"","iso","genre","tmstamp","n","dir"
"1","US","totartist","2020-01-15 09:05:13",136198,"http://musicbrainz.org/ws/2/artist/?query=country:US&fmt=json"
"2","US","acid house","2020-01-15 09:05:13",4,"http://musicbrainz.org/ws/2/artist/?query=country:US AND tag:""acid house""&fmt=json"
"3","US","acid jazz","2020-01-15 09:05:13",27,"http://musicbrainz.org/ws/2/artist/?query=country:US AND tag:""acid jazz""&fmt=json"
"4","US","acid techno","2020-01-15 09:05:13",5,"http://musicbrainz.org/ws/2/artist/?query=country:US AND tag:""acid techno""&fmt=json"
"5","US","acoustic blues","2020-01-15 09:05:13",21,"http://musicbrainz.org/ws/2/artist/?query=country:US AND tag:""acoustic blues""&fmt=json"
"6","US","acoustic rock","2020-01-15 09:05:14",55,"http://musicbrainz.org/ws/2/artist/?query=country:US AND tag:""acoustic rock""&fmt=json"
"7","US","afrobeat","2020-01-15 09:05:14",11,"http://musicbrainz.org/ws/2/artist/?query=country:US AND tag:""afrobeat""&fmt=json"
"8","US","alternative country","2020-01-15 09:05:14",56,"http://musicbrainz.org/ws/2/artist/?query=country:US AND tag:""alternative country""&fmt=json"
"9","US","alternative dance","2020-01-15 09:05:14",11,"http://musicbrainz.org/ws/2/artist/?query=country:US AND tag:""alternative dance""&fmt=json"
"10","US","alternative folk","2020-01-15 09:05:25",7,"http://musicbrainz.org/ws/2/artist/?query=country:US AND tag:""alternative folk""&fmt=json"
"11","US","alternative hip hop","2020-01-15 09:05:25",42,"http://musicbrainz.org/ws/2/artist/?query=country:US AND tag:""alternative hip hop""&fmt=json"
"12","US","alternative metal","2020-01-15 09:05:25",106,"http://musicbrainz.org/ws/2/artist/?query=country:US AND tag:""alternative metal""&fmt=json"
"13","US","alternative pop","2020-01-15 09:05:26",12,"http://musicbrainz.org/ws/2/artist/?query=country:US AND tag:""alternative pop""&fmt=json"
"14","US","alternative punk","2020-01-15 09:05:26",2,"http://musicbrainz.org/ws/2/artist/?query=country:US AND tag:""alternative punk""&fmt=json"
"15","US","alternative rock","2020-01-15 09:05:26",483,"http://musicbrainz.org/ws/2/artist/?query=country:US AND tag:""alternative rock""&fmt=json"
"16","US","ambient","2020-01-15 09:05:26",263,"http://musicbrainz.org/ws/2/artist/?query=country:US AND tag:""ambient""&fmt=json"
"17","US","ambient house","2020-01-15 09:05:27",0,"http://musicbrainz.org/ws/2/artist/?query=country:US AND tag:""ambient house""&fmt=json"
"18","US","ambient techno","2020-01-15 09:05:27",10,"http://musicbrainz.org/ws/2/artist/?query=country:US AND tag:""ambient techno""&fmt=json"
"19","US","americana","2020-01-15 09:05:37",114,"http://musicbrainz.org/ws/2/artist/?query=country:US AND tag:""americana""&fmt=json"
"20","US","anarcho-punk","2020-01-15 09:05:38",2,"http://musicbrainz.org/ws/2/artist/?query=country:US AND tag:""anarcho-punk""&fmt=json"
"21","US","aor","2020-01-15 09:05:38",50,"http://musicbrainz.org/ws/2/artist/?query=country:US AND tag:""aor""&fmt=json"
"22","US","arena rock","2020-01-15 09:05:38",8,"http://musicbrainz.org/ws/2/artist/?query=country:US AND tag:""arena rock""&fmt=json"
"23","US","art rock","2020-01-15 09:05:38",49,"http://musicbrainz.org/ws/2/artist/?query=country:US AND tag:""art rock""&fmt=json"
"24","US","atmospheric black metal","2020-01-15 09:05:39",21,"http://musicbrainz.org/ws/2/artist/?query=country:US AND tag:""atmospheric black metal""&fmt=json"
"25","US","audiobook","2020-01-15 09:05:39",2,"http://musicbrainz.org/ws/2/artist/?query=country:US AND tag:""audiobook""&fmt=json"
"26","US","avant-garde","2020-01-15 09:05:39",93,"http://musicbrainz.org/ws/2/artist/?query=country:US AND tag:""avant-garde""&fmt=json"
"27","US","avant-garde jazz","2020-01-15 09:05:39",57,"http://musicbrainz.org/ws/2/artist/?query=country:US AND tag:""avant-garde jazz""&fmt=json"
"28","US","avant-garde metal","2020-01-15 09:05:50",8,"http://musicbrainz.org/ws/2/artist/?query=country:US AND tag:""avant-garde metal""&fmt=json"
"29","US","avant-garde pop","2020-01-15 09:05:50",0,"http://musicbrainz.org/ws/2/artist/?query=country:US AND tag:""avant-garde pop""&fmt=json"
"30","US","bachata","2020-01-15 09:05:50",13,"http://musicbrainz.org/ws/2/artist/?query=country:US AND tag:""bachata""&fmt=json"
"31","US","ballad","2020-01-15 09:05:51",5,"http://musicbrainz.org/ws/2/artist/?query=country:US AND tag:""ballad""&fmt=json"
"32","US","barbershop","2020-01-15 09:05:51",6,"http://musicbrainz.org/ws/2/artist/?query=country:US AND tag:""barbershop""&fmt=json"
"33","US","baroque","2020-01-15 09:05:51",59,"http://musicbrainz.org/ws/2/artist/?query=country:US AND tag:""baroque""&fmt=json"
"34","US","bebop","2020-01-15 09:05:51",31,"http://musicbrainz.org/ws/2/artist/?query=country:US AND tag:""bebop""&fmt=json"
"35","US","bhangra","2020-01-15 09:05:52",1,"http://musicbrainz.org/ws/2/artist/?query=country:US AND tag:""bhangra""&fmt=json"
"36","US","big band","2020-01-15 09:05:52",45,"http://musicbrainz.org/ws/2/artist/?query=country:US AND tag:""big band""&fmt=json"
"37","US","big beat","2020-01-15 09:06:03",3,"http://musicbrainz.org/ws/2/artist/?query=country:US AND tag:""big beat""&fmt=json"
"38","US","black metal","2020-01-15 09:06:03",135,"http://musicbrainz.org/ws/2/artist/?query=country:US AND tag:""black metal""&fmt=json"
"39","US","blackened death metal","2020-01-15 09:06:03",2,"http://musicbrainz.org/ws/2/artist/?query=country:US AND tag:""blackened death metal""&fmt=json"
"40","US","blackgaze","2020-01-15 09:06:03",5,"http://musicbrainz.org/ws/2/artist/?query=country:US AND tag:""blackgaze""&fmt=json"
"41","US","blue-eyed soul","2020-01-15 09:06:03",37,"http://musicbrainz.org/ws/2/artist/?query=country:US AND tag:""blue-eyed soul""&fmt=json"
"42","US","bluegrass","2020-01-15 09:06:03",86,"http://musicbrainz.org/ws/2/artist/?query=country:US AND tag:""bluegrass""&fmt=json"
"43","US","blues","2020-01-15 09:06:04",812,"http://musicbrainz.org/ws/2/artist/?query=country:US AND tag:""blues""&fmt=json"
"44","US","blues rock","2020-01-15 09:06:04",248,"http://musicbrainz.org/ws/2/artist/?query=country:US AND tag:""blues rock""&fmt=json"
"45","US","bolero","2020-01-15 09:06:05",5,"http://musicbrainz.org/ws/2/artist/?query=country:US AND tag:""bolero""&fmt=json"
"46","US","bolero son","2020-01-15 09:06:15",0,"http://musicbrainz.org/ws/2/artist/?query=country:US AND tag:""bolero son""&fmt=json"
"47","US","boom bap","2020-01-15 09:06:15",25,"http://musicbrainz.org/ws/2/artist/?query=country:US AND tag:""boom bap""&fmt=json"
"48","US","bossa nova","2020-01-15 09:06:16",9,"http://musicbrainz.org/ws/2/artist/?query=country:US AND tag:""bossa nova""&fmt=json"
"49","US","breakbeat","2020-01-15 09:06:16",6,"http://musicbrainz.org/ws/2/artist/?query=country:US AND tag:""breakbeat""&fmt=json"
"50","US","breakcore","2020-01-15 09:06:16",15,"http://musicbrainz.org/ws/2/artist/?query=country:US AND tag:""breakcore""&fmt=json"
"51","US","breaks","2020-01-15 09:06:16",5,"http://musicbrainz.org/ws/2/artist/?query=country:US AND tag:""breaks""&fmt=json"
"52","US","britpop","2020-01-15 09:06:16",1,"http://musicbrainz.org/ws/2/artist/?query=country:US AND tag:""britpop""&fmt=json"
"53","US","broken beat","2020-01-15 09:06:16",2,"http://musicbrainz.org/ws/2/artist/?query=country:US AND tag:""broken beat""&fmt=json"
"54","US","brutal death metal","2020-01-15 09:06:17",22,"http://musicbrainz.org/ws/2/artist/?query=country:US AND tag:""brutal death metal""&fmt=json"
"55","US","bubblegum pop","2020-01-15 09:06:27",5,"http://musicbrainz.org/ws/2/artist/?query=country:US AND tag:""bubblegum pop""&fmt=json"
"56","US","cajun","2020-01-15 09:06:27",13,"http://musicbrainz.org/ws/2/artist/?query=country:US AND tag:""cajun""&fmt=json"
"57","US","calypso","2020-01-15 09:06:27",4,"http://musicbrainz.org/ws/2/artist/?query=country:US AND tag:""calypso""&fmt=json"
"58","US","canterbury scene","2020-01-15 09:06:27",1,"http://musicbrainz.org/ws/2/artist/?query=country:US AND tag:""canterbury scene""&fmt=json"
"59","US","cantopop","2020-01-15 09:06:28",0,"http://musicbrainz.org/ws/2/artist/?query=country:US AND tag:""cantopop""&fmt=json"
"60","US","celtic","2020-01-15 09:06:28",34,"http://musicbrainz.org/ws/2/artist/?query=country:US AND tag:""celtic""&fmt=json"
"61","US","celtic punk","2020-01-15 09:06:28",4,"http://musicbrainz.org/ws/2/artist/?query=country:US AND tag:""celtic punk""&fmt=json"
"62","US","chamber pop","2020-01-15 09:06:28",14,"http://musicbrainz.org/ws/2/artist/?query=country:US AND tag:""chamber pop""&fmt=json"
"63","US","champeta","2020-01-15 09:06:28",0,"http://musicbrainz.org/ws/2/artist/?query=country:US AND tag:""champeta""&fmt=json"
"64","US","chanson","2020-01-15 09:06:39",1,"http://musicbrainz.org/ws/2/artist/?query=country:US AND tag:""chanson""&fmt=json"
"65","US","chicago blues","2020-01-15 09:06:39",28,"http://musicbrainz.org/ws/2/artist/?query=country:US AND tag:""chicago blues""&fmt=json"
"66","US","chillout","2020-01-15 09:06:39",7,"http://musicbrainz.org/ws/2/artist/?query=country:US AND tag:""chillout""&fmt=json"
"67","US","chiptune","2020-01-15 09:06:39",19,"http://musicbrainz.org/ws/2/artist/?query=country:US AND tag:""chiptune""&fmt=json"
"68","US","christian rock","2020-01-15 09:06:40",42,"http://musicbrainz.org/ws/2/artist/?query=country:US AND tag:""christian rock""&fmt=json"
"69","US","christmas music","2020-01-15 09:06:40",53,"http://musicbrainz.org/ws/2/artist/?query=country:US AND tag:""christmas music""&fmt=json"
"70","US","city pop","2020-01-15 09:06:40",0,"http://musicbrainz.org/ws/2/artist/?query=country:US AND tag:""city pop""&fmt=json"
"71","US","classic blues","2020-01-15 09:06:40",0,"http://musicbrainz.org/ws/2/artist/?query=country:US AND tag:""classic blues""&fmt=json"
"72","US","classic country","2020-01-15 09:06:41",4,"http://musicbrainz.org/ws/2/artist/?query=country:US AND tag:""classic country""&fmt=json"
"73","US","classic jazz","2020-01-15 09:06:51",0,"http://musicbrainz.org/ws/2/artist/?query=country:US AND tag:""classic jazz""&fmt=json"
"74","US","classic rock","2020-01-15 09:06:51",38,"http://musicbrainz.org/ws/2/artist/?query=country:US AND tag:""classic rock""&fmt=json"
"75","US","classical","2020-01-15 09:06:52",481,"http://musicbrainz.org/ws/2/artist/?query=country:US AND tag:""classical""&fmt=json"
"76","US","club","2020-01-15 09:06:52",58,"http://musicbrainz.org/ws/2/artist/?query=country:US AND tag:""club""&fmt=json"
"77","US","comedy","2020-01-15 09:06:52",87,"http://musicbrainz.org/ws/2/artist/?query=country:US AND tag:""comedy""&fmt=json"
"78","US","conscious hip hop","2020-01-15 09:06:53",40,"http://musicbrainz.org/ws/2/artist/?query=country:US AND tag:""conscious hip hop""&fmt=json"
"79","US","contemporary christian","2020-01-15 09:06:53",49,"http://musicbrainz.org/ws/2/artist/?query=country:US AND tag:""contemporary christian""&fmt=json"
"80","US","contemporary classical","2020-01-15 09:06:53",15,"http://musicbrainz.org/ws/2/artist/?query=country:US AND tag:""contemporary classical""&fmt=json"
"81","US","contemporary folk","2020-01-15 09:06:54",56,"http://musicbrainz.org/ws/2/artist/?query=country:US AND tag:""contemporary folk""&fmt=json"
"82","US","contemporary gospel","2020-01-15 09:07:04",9,"http://musicbrainz.org/ws/2/artist/?query=country:US AND tag:""contemporary gospel""&fmt=json"
"83","US","contemporary jazz","2020-01-15 09:07:05",12,"http://musicbrainz.org/ws/2/artist/?query=country:US AND tag:""contemporary jazz""&fmt=json"
"84","US","contemporary r&b","2020-01-15 09:07:05",150,"http://musicbrainz.org/ws/2/artist/?query=country:US AND tag:""contemporary r%26b""&fmt=json"
"85","US","contra","2020-01-15 09:07:05",17,"http://musicbrainz.org/ws/2/artist/?query=country:US AND tag:""contra""&fmt=json"
"86","US","cool jazz","2020-01-15 09:07:05",20,"http://musicbrainz.org/ws/2/artist/?query=country:US AND tag:""cool jazz""&fmt=json"
"87","US","country","2020-01-15 09:07:06",621,"http://musicbrainz.org/ws/2/artist/?query=country:US AND tag:""country""&fmt=json"
"88","US","country blues","2020-01-15 09:07:06",31,"http://musicbrainz.org/ws/2/artist/?query=country:US AND tag:""country blues""&fmt=json"
"89","US","country folk","2020-01-15 09:07:06",3,"http://musicbrainz.org/ws/2/artist/?query=country:US AND tag:""country folk""&fmt=json"
"90","US","country pop","2020-01-15 09:07:06",78,"http://musicbrainz.org/ws/2/artist/?query=country:US AND tag:""country pop""&fmt=json"
"91","US","country rock","2020-01-15 09:07:17",121,"http://musicbrainz.org/ws/2/artist/?query=country:US AND tag:""country rock""&fmt=json"
"92","US","crossover prog","2020-01-15 09:07:17",1,"http://musicbrainz.org/ws/2/artist/?query=country:US AND tag:""crossover prog""&fmt=json"
"93","US","crust punk","2020-01-15 09:07:17",4,"http://musicbrainz.org/ws/2/artist/?query=country:US AND tag:""crust punk""&fmt=json"
"94","US","cumbia","2020-01-15 09:07:18",8,"http://musicbrainz.org/ws/2/artist/?query=country:US AND tag:""cumbia""&fmt=json"
"95","US","d-beat","2020-01-15 09:07:18",0,"http://musicbrainz.org/ws/2/artist/?query=country:US AND tag:""d-beat""&fmt=json"
"96","US","dance","2020-01-15 09:07:18",505,"http://musicbrainz.org/ws/2/artist/?query=country:US AND tag:""dance""&fmt=json"
"97","US","dance-pop","2020-01-15 09:07:18",109,"http://musicbrainz.org/ws/2/artist/?query=country:US AND tag:""dance-pop""&fmt=json"
"98","US","dance-punk","2020-01-15 09:07:19",13,"http://musicbrainz.org/ws/2/artist/?query=country:US AND tag:""dance-punk""&fmt=json"
"99","US","dancehall","2020-01-15 09:07:19",8,"http://musicbrainz.org/ws/2/artist/?query=country:US AND tag:""dancehall""&fmt=json"
"100","US","dark ambient","2020-01-15 09:07:30",56,"http://musicbrainz.org/ws/2/artist/?query=country:US AND tag:""dark ambient""&fmt=json"
"101","US","dark electro","2020-01-15 09:07:30",5,"http://musicbrainz.org/ws/2/artist/?query=country:US AND tag:""dark electro""&fmt=json"
"102","US","dark folk","2020-01-15 09:07:30",7,"http://musicbrainz.org/ws/2/artist/?query=country:US AND tag:""dark folk""&fmt=json"
"103","US","dark wave","2020-01-15 09:07:30",18,"http://musicbrainz.org/ws/2/artist/?query=country:US AND tag:""dark wave""&fmt=json"
"104","US","death metal","2020-01-15 09:07:30",166,"http://musicbrainz.org/ws/2/artist/?query=country:US AND tag:""death metal""&fmt=json"
"105","US","death-doom metal","2020-01-15 09:07:31",5,"http://musicbrainz.org/ws/2/artist/?query=country:US AND tag:""death-doom metal""&fmt=json"
"106","US","deathcore","2020-01-15 09:07:31",31,"http://musicbrainz.org/ws/2/artist/?query=country:US AND tag:""deathcore""&fmt=json"
"107","US","deathgrind","2020-01-15 09:07:31",3,"http://musicbrainz.org/ws/2/artist/?query=country:US AND tag:""deathgrind""&fmt=json"
"108","US","deathrock","2020-01-15 09:07:31",11,"http://musicbrainz.org/ws/2/artist/?query=country:US AND tag:""deathrock""&fmt=json"
"109","US","deep house","2020-01-15 09:07:42",14,"http://musicbrainz.org/ws/2/artist/?query=country:US AND tag:""deep house""&fmt=json"
"110","US","delta blues","2020-01-15 09:07:42",23,"http://musicbrainz.org/ws/2/artist/?query=country:US AND tag:""delta blues""&fmt=json"
"111","US","desert rock","2020-01-15 09:07:42",21,"http://musicbrainz.org/ws/2/artist/?query=country:US AND tag:""desert rock""&fmt=json"
"112","US","digital hardcore","2020-01-15 09:07:42",1,"http://musicbrainz.org/ws/2/artist/?query=country:US AND tag:""digital hardcore""&fmt=json"
"113","US","disco","2020-01-15 09:07:43",124,"http://musicbrainz.org/ws/2/artist/?query=country:US AND tag:""disco""&fmt=json"
"114","US","doo-wop","2020-01-15 09:07:43",63,"http://musicbrainz.org/ws/2/artist/?query=country:US AND tag:""doo-wop""&fmt=json"
"115","US","doom metal","2020-01-15 09:07:43",155,"http://musicbrainz.org/ws/2/artist/?query=country:US AND tag:""doom metal""&fmt=json"
"116","US","downtempo","2020-01-15 09:07:44",45,"http://musicbrainz.org/ws/2/artist/?query=country:US AND tag:""downtempo""&fmt=json"
"117","US","drill","2020-01-15 09:07:44",4,"http://musicbrainz.org/ws/2/artist/?query=country:US AND tag:""drill""&fmt=json"
"118","US","drone","2020-01-15 09:07:55",137,"http://musicbrainz.org/ws/2/artist/?query=country:US AND tag:""drone""&fmt=json"
"119","US","drum and bass","2020-01-15 09:07:55",42,"http://musicbrainz.org/ws/2/artist/?query=country:US AND tag:""drum and bass""&fmt=json"
"120","US","dub","2020-01-15 09:07:55",44,"http://musicbrainz.org/ws/2/artist/?query=country:US AND tag:""dub""&fmt=json"
"121","US","dub techno","2020-01-15 09:07:55",15,"http://musicbrainz.org/ws/2/artist/?query=country:US AND tag:""dub techno""&fmt=json"
"122","US","dubstep","2020-01-15 09:07:56",50,"http://musicbrainz.org/ws/2/artist/?query=country:US AND tag:""dubstep""&fmt=json"
"123","US","dungeon synth","2020-01-15 09:07:56",4,"http://musicbrainz.org/ws/2/artist/?query=country:US AND tag:""dungeon synth""&fmt=json"
"124","US","east coast hip hop","2020-01-15 09:07:56",45,"http://musicbrainz.org/ws/2/artist/?query=country:US AND tag:""east coast hip hop""&fmt=json"
"125","US","ebm","2020-01-15 09:07:56",14,"http://musicbrainz.org/ws/2/artist/?query=country:US AND tag:""ebm""&fmt=json"
"126","US","electric blues","2020-01-15 09:07:57",54,"http://musicbrainz.org/ws/2/artist/?query=country:US AND tag:""electric blues""&fmt=json"
"127","US","electro","2020-01-15 09:08:07",126,"http://musicbrainz.org/ws/2/artist/?query=country:US AND tag:""electro""&fmt=json"
"128","US","electro house","2020-01-15 09:08:07",32,"http://musicbrainz.org/ws/2/artist/?query=country:US AND tag:""electro house""&fmt=json"
"129","US","electro swing","2020-01-15 09:08:08",1,"http://musicbrainz.org/ws/2/artist/?query=country:US AND tag:""electro swing""&fmt=json"
"130","US","electro-funk","2020-01-15 09:08:08",3,"http://musicbrainz.org/ws/2/artist/?query=country:US AND tag:""electro-funk""&fmt=json"
"131","US","electro-industrial","2020-01-15 09:08:08",19,"http://musicbrainz.org/ws/2/artist/?query=country:US AND tag:""electro-industrial""&fmt=json"
"132","US","electroclash","2020-01-15 09:08:08",3,"http://musicbrainz.org/ws/2/artist/?query=country:US AND tag:""electroclash""&fmt=json"
"133","US","electronic","2020-01-15 09:08:08",363,"http://musicbrainz.org/ws/2/artist/?query=country:US AND tag:""electronic""&fmt=json"
"134","US","electronic rock","2020-01-15 09:08:09",17,"http://musicbrainz.org/ws/2/artist/?query=country:US AND tag:""electronic rock""&fmt=json"
"135","US","electronica","2020-01-15 09:08:09",143,"http://musicbrainz.org/ws/2/artist/?query=country:US AND tag:""electronica""&fmt=json"
"136","US","electronicore","2020-01-15 09:08:20",2,"http://musicbrainz.org/ws/2/artist/?query=country:US AND tag:""electronicore""&fmt=json"
"137","US","electropop","2020-01-15 09:08:20",78,"http://musicbrainz.org/ws/2/artist/?query=country:US AND tag:""electropop""&fmt=json"
"138","US","electropunk","2020-01-15 09:08:20",3,"http://musicbrainz.org/ws/2/artist/?query=country:US AND tag:""electropunk""&fmt=json"
"139","US","emo","2020-01-15 09:08:20",109,"http://musicbrainz.org/ws/2/artist/?query=country:US AND tag:""emo""&fmt=json"
"140","US","emocore","2020-01-15 09:08:21",8,"http://musicbrainz.org/ws/2/artist/?query=country:US AND tag:""emocore""&fmt=json"
"141","US","enka","2020-01-15 09:08:21",0,"http://musicbrainz.org/ws/2/artist/?query=country:US AND tag:""enka""&fmt=json"
"142","US","ethereal","2020-01-15 09:08:21",15,"http://musicbrainz.org/ws/2/artist/?query=country:US AND tag:""ethereal""&fmt=json"
"143","US","euro house","2020-01-15 09:08:21",0,"http://musicbrainz.org/ws/2/artist/?query=country:US AND tag:""euro house""&fmt=json"
"144","US","eurodance","2020-01-15 09:08:21",5,"http://musicbrainz.org/ws/2/artist/?query=country:US AND tag:""eurodance""&fmt=json"
"145","US","europop","2020-01-15 09:08:31",0,"http://musicbrainz.org/ws/2/artist/?query=country:US AND tag:""europop""&fmt=json"
"146","US","experimental","2020-01-15 09:08:32",260,"http://musicbrainz.org/ws/2/artist/?query=country:US AND tag:""experimental""&fmt=json"
"147","US","experimental rock","2020-01-15 09:08:32",93,"http://musicbrainz.org/ws/2/artist/?query=country:US AND tag:""experimental rock""&fmt=json"
"148","US","fado","2020-01-15 09:08:32",0,"http://musicbrainz.org/ws/2/artist/?query=country:US AND tag:""fado""&fmt=json"
"149","US","filk","2020-01-15 09:08:32",34,"http://musicbrainz.org/ws/2/artist/?query=country:US AND tag:""filk""&fmt=json"
"150","US","flamenco","2020-01-15 09:08:33",5,"http://musicbrainz.org/ws/2/artist/?query=country:US AND tag:""flamenco""&fmt=json"
"151","US","folk","2020-01-15 09:08:33",1058,"http://musicbrainz.org/ws/2/artist/?query=country:US AND tag:""folk""&fmt=json"
"152","US","folk metal","2020-01-15 09:08:33",10,"http://musicbrainz.org/ws/2/artist/?query=country:US AND tag:""folk metal""&fmt=json"
"153","US","folk pop","2020-01-15 09:08:33",51,"http://musicbrainz.org/ws/2/artist/?query=country:US AND tag:""folk pop""&fmt=json"
"154","US","folk punk","2020-01-15 09:08:44",18,"http://musicbrainz.org/ws/2/artist/?query=country:US AND tag:""folk punk""&fmt=json"
"155","US","folk rock","2020-01-15 09:08:44",196,"http://musicbrainz.org/ws/2/artist/?query=country:US AND tag:""folk rock""&fmt=json"
"156","US","freak folk","2020-01-15 09:08:45",10,"http://musicbrainz.org/ws/2/artist/?query=country:US AND tag:""freak folk""&fmt=json"
"157","US","free improvisation","2020-01-15 09:08:45",56,"http://musicbrainz.org/ws/2/artist/?query=country:US AND tag:""free improvisation""&fmt=json"
"158","US","free jazz","2020-01-15 09:08:45",55,"http://musicbrainz.org/ws/2/artist/?query=country:US AND tag:""free jazz""&fmt=json"
"159","US","funk","2020-01-15 09:08:45",376,"http://musicbrainz.org/ws/2/artist/?query=country:US AND tag:""funk""&fmt=json"
"160","US","funk carioca","2020-01-15 09:08:46",0,"http://musicbrainz.org/ws/2/artist/?query=country:US AND tag:""funk carioca""&fmt=json"
"161","US","funk metal","2020-01-15 09:08:46",19,"http://musicbrainz.org/ws/2/artist/?query=country:US AND tag:""funk metal""&fmt=json"
"162","US","funk rock","2020-01-15 09:08:46",40,"http://musicbrainz.org/ws/2/artist/?query=country:US AND tag:""funk rock""&fmt=json"
"163","US","funk soul","2020-01-15 09:08:57",1,"http://musicbrainz.org/ws/2/artist/?query=country:US AND tag:""funk soul""&fmt=json"
"164","US","funky house","2020-01-15 09:08:57",0,"http://musicbrainz.org/ws/2/artist/?query=country:US AND tag:""funky house""&fmt=json"
"165","US","fusion","2020-01-15 09:08:57",145,"http://musicbrainz.org/ws/2/artist/?query=country:US AND tag:""fusion""&fmt=json"
"166","US","future jazz","2020-01-15 09:08:57",1,"http://musicbrainz.org/ws/2/artist/?query=country:US AND tag:""future jazz""&fmt=json"
"167","US","futurepop","2020-01-15 09:08:57",4,"http://musicbrainz.org/ws/2/artist/?query=country:US AND tag:""futurepop""&fmt=json"
"168","US","g-funk","2020-01-15 09:08:57",11,"http://musicbrainz.org/ws/2/artist/?query=country:US AND tag:""g-funk""&fmt=json"
"169","US","gabber","2020-01-15 09:08:58",5,"http://musicbrainz.org/ws/2/artist/?query=country:US AND tag:""gabber""&fmt=json"
"170","US","gangsta rap","2020-01-15 09:08:58",38,"http://musicbrainz.org/ws/2/artist/?query=country:US AND tag:""gangsta rap""&fmt=json"
"171","US","garage","2020-01-15 09:08:58",871,"http://musicbrainz.org/ws/2/artist/?query=country:US AND tag:""garage""&fmt=json"
"172","US","garage house","2020-01-15 09:09:09",1,"http://musicbrainz.org/ws/2/artist/?query=country:US AND tag:""garage house""&fmt=json"
"173","US","garage punk","2020-01-15 09:09:09",37,"http://musicbrainz.org/ws/2/artist/?query=country:US AND tag:""garage punk""&fmt=json"
"174","US","garage rock","2020-01-15 09:09:09",829,"http://musicbrainz.org/ws/2/artist/?query=country:US AND tag:""garage rock""&fmt=json"
"175","US","glam","2020-01-15 09:09:09",92,"http://musicbrainz.org/ws/2/artist/?query=country:US AND tag:""glam""&fmt=json"
"176","US","glam metal","2020-01-15 09:09:10",58,"http://musicbrainz.org/ws/2/artist/?query=country:US AND tag:""glam metal""&fmt=json"
"177","US","glam rock","2020-01-15 09:09:10",26,"http://musicbrainz.org/ws/2/artist/?query=country:US AND tag:""glam rock""&fmt=json"
"178","US","glitch","2020-01-15 09:09:10",41,"http://musicbrainz.org/ws/2/artist/?query=country:US AND tag:""glitch""&fmt=json"
"179","US","goa trance","2020-01-15 09:09:11",1,"http://musicbrainz.org/ws/2/artist/?query=country:US AND tag:""goa trance""&fmt=json"
"180","US","goregrind","2020-01-15 09:09:11",7,"http://musicbrainz.org/ws/2/artist/?query=country:US AND tag:""goregrind""&fmt=json"
"181","US","gospel","2020-01-15 09:09:21",131,"http://musicbrainz.org/ws/2/artist/?query=country:US AND tag:""gospel""&fmt=json"
"182","US","gothic","2020-01-15 09:09:22",65,"http://musicbrainz.org/ws/2/artist/?query=country:US AND tag:""gothic""&fmt=json"
"183","US","gothic metal","2020-01-15 09:09:22",13,"http://musicbrainz.org/ws/2/artist/?query=country:US AND tag:""gothic metal""&fmt=json"
"184","US","gothic rock","2020-01-15 09:09:22",44,"http://musicbrainz.org/ws/2/artist/?query=country:US AND tag:""gothic rock""&fmt=json"
"185","US","grebo","2020-01-15 09:09:23",0,"http://musicbrainz.org/ws/2/artist/?query=country:US AND tag:""grebo""&fmt=json"
"186","US","grime","2020-01-15 09:09:23",4,"http://musicbrainz.org/ws/2/artist/?query=country:US AND tag:""grime""&fmt=json"
"187","US","grindcore","2020-01-15 09:09:23",34,"http://musicbrainz.org/ws/2/artist/?query=country:US AND tag:""grindcore""&fmt=json"
"188","US","groove metal","2020-01-15 09:09:23",21,"http://musicbrainz.org/ws/2/artist/?query=country:US AND tag:""groove metal""&fmt=json"
"189","US","grunge","2020-01-15 09:09:23",101,"http://musicbrainz.org/ws/2/artist/?query=country:US AND tag:""grunge""&fmt=json"
"190","US","guaracha","2020-01-15 09:09:34",0,"http://musicbrainz.org/ws/2/artist/?query=country:US AND tag:""guaracha""&fmt=json"
"191","US","happy hardcore","2020-01-15 09:09:34",3,"http://musicbrainz.org/ws/2/artist/?query=country:US AND tag:""happy hardcore""&fmt=json"
"192","US","hard bop","2020-01-15 09:09:34",276,"http://musicbrainz.org/ws/2/artist/?query=country:US AND tag:""hard bop""&fmt=json"
"193","US","hard house","2020-01-15 09:09:34",0,"http://musicbrainz.org/ws/2/artist/?query=country:US AND tag:""hard house""&fmt=json"
"194","US","hard rock","2020-01-15 09:09:34",467,"http://musicbrainz.org/ws/2/artist/?query=country:US AND tag:""hard rock""&fmt=json"
"195","US","hard trance","2020-01-15 09:09:35",0,"http://musicbrainz.org/ws/2/artist/?query=country:US AND tag:""hard trance""&fmt=json"
"196","US","hardcore punk","2020-01-15 09:09:35",127,"http://musicbrainz.org/ws/2/artist/?query=country:US AND tag:""hardcore punk""&fmt=json"
"197","US","hardcore techno","2020-01-15 09:09:35",3,"http://musicbrainz.org/ws/2/artist/?query=country:US AND tag:""hardcore techno""&fmt=json"
"198","US","hardstyle","2020-01-15 09:09:35",3,"http://musicbrainz.org/ws/2/artist/?query=country:US AND tag:""hardstyle""&fmt=json"
"199","US","heavy metal","2020-01-15 09:09:45",274,"http://musicbrainz.org/ws/2/artist/?query=country:US AND tag:""heavy metal""&fmt=json"
"200","US","hip hop","2020-01-15 09:09:46",1829,"http://musicbrainz.org/ws/2/artist/?query=country:US AND tag:""hip hop""&fmt=json"
"201","US","honky tonk","2020-01-15 09:09:46",9,"http://musicbrainz.org/ws/2/artist/?query=country:US AND tag:""honky tonk""&fmt=json"
"202","US","horror punk","2020-01-15 09:09:46",128,"http://musicbrainz.org/ws/2/artist/?query=country:US AND tag:""horror punk""&fmt=json"
"203","US","horrorcore","2020-01-15 09:09:46",18,"http://musicbrainz.org/ws/2/artist/?query=country:US AND tag:""horrorcore""&fmt=json"
"204","US","house","2020-01-15 09:09:47",136,"http://musicbrainz.org/ws/2/artist/?query=country:US AND tag:""house""&fmt=json"
"205","US","idm","2020-01-15 09:09:47",43,"http://musicbrainz.org/ws/2/artist/?query=country:US AND tag:""idm""&fmt=json"
"206","US","illbient","2020-01-15 09:09:47",3,"http://musicbrainz.org/ws/2/artist/?query=country:US AND tag:""illbient""&fmt=json"
"207","US","indie","2020-01-15 09:09:47",967,"http://musicbrainz.org/ws/2/artist/?query=country:US AND tag:""indie""&fmt=json"
"208","US","indie folk","2020-01-15 09:09:58",51,"http://musicbrainz.org/ws/2/artist/?query=country:US AND tag:""indie folk""&fmt=json"
"209","US","indie pop","2020-01-15 09:09:58",139,"http://musicbrainz.org/ws/2/artist/?query=country:US AND tag:""indie pop""&fmt=json"
"210","US","indie rock","2020-01-15 09:09:58",408,"http://musicbrainz.org/ws/2/artist/?query=country:US AND tag:""indie rock""&fmt=json"
"211","US","indietronica","2020-01-15 09:09:59",16,"http://musicbrainz.org/ws/2/artist/?query=country:US AND tag:""indietronica""&fmt=json"
"212","US","indorock","2020-01-15 09:09:59",0,"http://musicbrainz.org/ws/2/artist/?query=country:US AND tag:""indorock""&fmt=json"
"213","US","industrial","2020-01-15 09:09:59",179,"http://musicbrainz.org/ws/2/artist/?query=country:US AND tag:""industrial""&fmt=json"
"214","US","industrial metal","2020-01-15 09:10:00",33,"http://musicbrainz.org/ws/2/artist/?query=country:US AND tag:""industrial metal""&fmt=json"
"215","US","industrial rock","2020-01-15 09:10:00",52,"http://musicbrainz.org/ws/2/artist/?query=country:US AND tag:""industrial rock""&fmt=json"
"216","US","instrumental","2020-01-15 09:10:00",110,"http://musicbrainz.org/ws/2/artist/?query=country:US AND tag:""instrumental""&fmt=json"
"217","US","instrumental jazz","2020-01-15 09:10:11",0,"http://musicbrainz.org/ws/2/artist/?query=country:US AND tag:""instrumental jazz""&fmt=json"
"218","US","instrumental rock","2020-01-15 09:10:11",30,"http://musicbrainz.org/ws/2/artist/?query=country:US AND tag:""instrumental rock""&fmt=json"
"219","US","irish folk","2020-01-15 09:10:11",2,"http://musicbrainz.org/ws/2/artist/?query=country:US AND tag:""irish folk""&fmt=json"
"220","US","italo-disco","2020-01-15 09:10:12",0,"http://musicbrainz.org/ws/2/artist/?query=country:US AND tag:""italo-disco""&fmt=json"
"221","US","j-pop","2020-01-15 09:10:12",1,"http://musicbrainz.org/ws/2/artist/?query=country:US AND tag:""j-pop""&fmt=json"
"222","US","j-rock","2020-01-15 09:10:12",1,"http://musicbrainz.org/ws/2/artist/?query=country:US AND tag:""j-rock""&fmt=json"
"223","US","jazz","2020-01-15 09:10:12",5479,"http://musicbrainz.org/ws/2/artist/?query=country:US AND tag:""jazz""&fmt=json"
"224","US","jazz blues","2020-01-15 09:10:12",1,"http://musicbrainz.org/ws/2/artist/?query=country:US AND tag:""jazz blues""&fmt=json"
"225","US","jazz fusion","2020-01-15 09:10:12",107,"http://musicbrainz.org/ws/2/artist/?query=country:US AND tag:""jazz fusion""&fmt=json"
"226","US","jazz rap","2020-01-15 09:10:23",5,"http://musicbrainz.org/ws/2/artist/?query=country:US AND tag:""jazz rap""&fmt=json"
"227","US","jazz rock","2020-01-15 09:10:23",55,"http://musicbrainz.org/ws/2/artist/?query=country:US AND tag:""jazz rock""&fmt=json"
"228","US","jazz-funk","2020-01-15 09:10:23",64,"http://musicbrainz.org/ws/2/artist/?query=country:US AND tag:""jazz-funk""&fmt=json"
"229","US","jungle","2020-01-15 09:10:24",6,"http://musicbrainz.org/ws/2/artist/?query=country:US AND tag:""jungle""&fmt=json"
"230","US","k-pop","2020-01-15 09:10:24",1,"http://musicbrainz.org/ws/2/artist/?query=country:US AND tag:""k-pop""&fmt=json"
"231","US","kayokyoku","2020-01-15 09:10:24",0,"http://musicbrainz.org/ws/2/artist/?query=country:US AND tag:""kayokyoku""&fmt=json"
"232","US","kizomba","2020-01-15 09:10:24",0,"http://musicbrainz.org/ws/2/artist/?query=country:US AND tag:""kizomba""&fmt=json"
"233","US","klezmer","2020-01-15 09:10:24",3,"http://musicbrainz.org/ws/2/artist/?query=country:US AND tag:""klezmer""&fmt=json"
"234","US","krautrock","2020-01-15 09:10:24",11,"http://musicbrainz.org/ws/2/artist/?query=country:US AND tag:""krautrock""&fmt=json"
"235","US","latin","2020-01-15 09:10:35",156,"http://musicbrainz.org/ws/2/artist/?query=country:US AND tag:""latin""&fmt=json"
"236","US","latin jazz","2020-01-15 09:10:35",16,"http://musicbrainz.org/ws/2/artist/?query=country:US AND tag:""latin jazz""&fmt=json"
"237","US","latin pop","2020-01-15 09:10:35",31,"http://musicbrainz.org/ws/2/artist/?query=country:US AND tag:""latin pop""&fmt=json"
"238","US","latin rock","2020-01-15 09:10:36",6,"http://musicbrainz.org/ws/2/artist/?query=country:US AND tag:""latin rock""&fmt=json"
"239","US","leftfield","2020-01-15 09:10:36",3,"http://musicbrainz.org/ws/2/artist/?query=country:US AND tag:""leftfield""&fmt=json"
"240","US","line dance","2020-01-15 09:10:36",0,"http://musicbrainz.org/ws/2/artist/?query=country:US AND tag:""line dance""&fmt=json"
"241","US","lo-fi","2020-01-15 09:10:36",50,"http://musicbrainz.org/ws/2/artist/?query=country:US AND tag:""lo-fi""&fmt=json"
"242","US","lounge","2020-01-15 09:10:36",12,"http://musicbrainz.org/ws/2/artist/?query=country:US AND tag:""lounge""&fmt=json"
"243","US","lovers rock","2020-01-15 09:10:37",0,"http://musicbrainz.org/ws/2/artist/?query=country:US AND tag:""lovers rock""&fmt=json"
"244","US","madchester","2020-01-15 09:10:47",0,"http://musicbrainz.org/ws/2/artist/?query=country:US AND tag:""madchester""&fmt=json"
"245","US","mainstream rock","2020-01-15 09:10:47",1,"http://musicbrainz.org/ws/2/artist/?query=country:US AND tag:""mainstream rock""&fmt=json"
"246","US","mambo","2020-01-15 09:10:47",1,"http://musicbrainz.org/ws/2/artist/?query=country:US AND tag:""mambo""&fmt=json"
"247","US","mandopop","2020-01-15 09:10:47",0,"http://musicbrainz.org/ws/2/artist/?query=country:US AND tag:""mandopop""&fmt=json"
"248","US","martial industrial","2020-01-15 09:10:47",0,"http://musicbrainz.org/ws/2/artist/?query=country:US AND tag:""martial industrial""&fmt=json"
"249","US","math rock","2020-01-15 09:10:47",35,"http://musicbrainz.org/ws/2/artist/?query=country:US AND tag:""math rock""&fmt=json"
"250","US","mathcore","2020-01-15 09:10:48",7,"http://musicbrainz.org/ws/2/artist/?query=country:US AND tag:""mathcore""&fmt=json"
"251","US","medieval","2020-01-15 09:10:48",6,"http://musicbrainz.org/ws/2/artist/?query=country:US AND tag:""medieval""&fmt=json"
"252","US","melodic black metal","2020-01-15 09:10:48",2,"http://musicbrainz.org/ws/2/artist/?query=country:US AND tag:""melodic black metal""&fmt=json"
"253","US","melodic death metal","2020-01-15 09:10:58",21,"http://musicbrainz.org/ws/2/artist/?query=country:US AND tag:""melodic death metal""&fmt=json"
"254","US","melodic metalcore","2020-01-15 09:10:58",7,"http://musicbrainz.org/ws/2/artist/?query=country:US AND tag:""melodic metalcore""&fmt=json"
"255","US","melodic rock","2020-01-15 09:10:59",6,"http://musicbrainz.org/ws/2/artist/?query=country:US AND tag:""melodic rock""&fmt=json"
"256","US","melodic trance","2020-01-15 09:10:59",0,"http://musicbrainz.org/ws/2/artist/?query=country:US AND tag:""melodic trance""&fmt=json"
"257","US","mento","2020-01-15 09:10:59",1,"http://musicbrainz.org/ws/2/artist/?query=country:US AND tag:""mento""&fmt=json"
"258","US","merengue","2020-01-15 09:10:59",7,"http://musicbrainz.org/ws/2/artist/?query=country:US AND tag:""merengue""&fmt=json"
"259","US","metal","2020-01-15 09:10:59",1158,"http://musicbrainz.org/ws/2/artist/?query=country:US AND tag:""metal""&fmt=json"
"260","US","metalcore","2020-01-15 09:11:00",87,"http://musicbrainz.org/ws/2/artist/?query=country:US AND tag:""metalcore""&fmt=json"
"261","US","microhouse","2020-01-15 09:11:00",2,"http://musicbrainz.org/ws/2/artist/?query=country:US AND tag:""microhouse""&fmt=json"
"262","US","milonga","2020-01-15 09:11:10",0,"http://musicbrainz.org/ws/2/artist/?query=country:US AND tag:""milonga""&fmt=json"
"263","US","min'yo","2020-01-15 09:11:10",0,"http://musicbrainz.org/ws/2/artist/?query=country:US AND tag:""min'yo""&fmt=json"
"264","US","mincecore","2020-01-15 09:11:10",0,"http://musicbrainz.org/ws/2/artist/?query=country:US AND tag:""mincecore""&fmt=json"
"265","US","minimal","2020-01-15 09:11:10",54,"http://musicbrainz.org/ws/2/artist/?query=country:US AND tag:""minimal""&fmt=json"
"266","US","modern blues","2020-01-15 09:11:11",0,"http://musicbrainz.org/ws/2/artist/?query=country:US AND tag:""modern blues""&fmt=json"
"267","US","modern classical","2020-01-15 09:11:11",39,"http://musicbrainz.org/ws/2/artist/?query=country:US AND tag:""modern classical""&fmt=json"
"268","US","modern country","2020-01-15 09:11:11",1,"http://musicbrainz.org/ws/2/artist/?query=country:US AND tag:""modern country""&fmt=json"
"269","US","motown","2020-01-15 09:11:11",5,"http://musicbrainz.org/ws/2/artist/?query=country:US AND tag:""motown""&fmt=json"
"270","US","mpb","2020-01-15 09:11:11",0,"http://musicbrainz.org/ws/2/artist/?query=country:US AND tag:""mpb""&fmt=json"
"271","US","musical","2020-01-15 09:11:22",37,"http://musicbrainz.org/ws/2/artist/?query=country:US AND tag:""musical""&fmt=json"
"272","US","neo soul","2020-01-15 09:11:22",29,"http://musicbrainz.org/ws/2/artist/?query=country:US AND tag:""neo soul""&fmt=json"
"273","US","neo-progressive rock","2020-01-15 09:11:22",7,"http://musicbrainz.org/ws/2/artist/?query=country:US AND tag:""neo-progressive rock""&fmt=json"
"274","US","neo-rockabilly","2020-01-15 09:11:22",2,"http://musicbrainz.org/ws/2/artist/?query=country:US AND tag:""neo-rockabilly""&fmt=json"
"275","US","neofolk","2020-01-15 09:11:23",14,"http://musicbrainz.org/ws/2/artist/?query=country:US AND tag:""neofolk""&fmt=json"
"276","US","nerdcore","2020-01-15 09:11:23",4,"http://musicbrainz.org/ws/2/artist/?query=country:US AND tag:""nerdcore""&fmt=json"
"277","US","new age","2020-01-15 09:11:23",36,"http://musicbrainz.org/ws/2/artist/?query=country:US AND tag:""new age""&fmt=json"
"278","US","new jack swing","2020-01-15 09:11:23",21,"http://musicbrainz.org/ws/2/artist/?query=country:US AND tag:""new jack swing""&fmt=json"
"279","US","new romantic","2020-01-15 09:11:23",1,"http://musicbrainz.org/ws/2/artist/?query=country:US AND tag:""new romantic""&fmt=json"
"280","US","new wave","2020-01-15 09:11:34",93,"http://musicbrainz.org/ws/2/artist/?query=country:US AND tag:""new wave""&fmt=json"
"281","US","no wave","2020-01-15 09:11:34",17,"http://musicbrainz.org/ws/2/artist/?query=country:US AND tag:""no wave""&fmt=json"
"282","US","noise","2020-01-15 09:11:34",345,"http://musicbrainz.org/ws/2/artist/?query=country:US AND tag:""noise""&fmt=json"
"283","US","noise pop","2020-01-15 09:11:35",26,"http://musicbrainz.org/ws/2/artist/?query=country:US AND tag:""noise pop""&fmt=json"
"284","US","noisecore","2020-01-15 09:11:35",7,"http://musicbrainz.org/ws/2/artist/?query=country:US AND tag:""noisecore""&fmt=json"
"285","US","non-music","2020-01-15 09:11:35",0,"http://musicbrainz.org/ws/2/artist/?query=country:US AND tag:""non-music""&fmt=json"
"286","US","norteño","2020-01-15 09:11:35",0,"http://musicbrainz.org/ws/2/artist/?query=country:US AND tag:""norteño""&fmt=json"
"287","US","northern soul","2020-01-15 09:11:35",6,"http://musicbrainz.org/ws/2/artist/?query=country:US AND tag:""northern soul""&fmt=json"
"288","US","nu jazz","2020-01-15 09:11:36",6,"http://musicbrainz.org/ws/2/artist/?query=country:US AND tag:""nu jazz""&fmt=json"
"289","US","nu metal","2020-01-15 09:11:46",52,"http://musicbrainz.org/ws/2/artist/?query=country:US AND tag:""nu metal""&fmt=json"
"290","US","occult rock","2020-01-15 09:11:46",5,"http://musicbrainz.org/ws/2/artist/?query=country:US AND tag:""occult rock""&fmt=json"
"291","US","oi","2020-01-15 09:11:46",11,"http://musicbrainz.org/ws/2/artist/?query=country:US AND tag:""oi""&fmt=json"
"292","US","old school death metal","2020-01-15 09:11:46",1,"http://musicbrainz.org/ws/2/artist/?query=country:US AND tag:""old school death metal""&fmt=json"
"293","US","old-time","2020-01-15 09:11:47",5,"http://musicbrainz.org/ws/2/artist/?query=country:US AND tag:""old-time""&fmt=json"
"294","US","opera","2020-01-15 09:11:47",36,"http://musicbrainz.org/ws/2/artist/?query=country:US AND tag:""opera""&fmt=json"
"295","US","orchestral","2020-01-15 09:11:47",14,"http://musicbrainz.org/ws/2/artist/?query=country:US AND tag:""orchestral""&fmt=json"
"296","US","outlaw country","2020-01-15 09:11:47",18,"http://musicbrainz.org/ws/2/artist/?query=country:US AND tag:""outlaw country""&fmt=json"
"297","US","p-funk","2020-01-15 09:11:48",7,"http://musicbrainz.org/ws/2/artist/?query=country:US AND tag:""p-funk""&fmt=json"
"298","US","pachanga","2020-01-15 09:11:58",0,"http://musicbrainz.org/ws/2/artist/?query=country:US AND tag:""pachanga""&fmt=json"
"299","US","pop","2020-01-15 09:11:58",2036,"http://musicbrainz.org/ws/2/artist/?query=country:US AND tag:""pop""&fmt=json"
"300","US","pop metal","2020-01-15 09:11:59",1,"http://musicbrainz.org/ws/2/artist/?query=country:US AND tag:""pop metal""&fmt=json"
"301","US","pop punk","2020-01-15 09:11:59",99,"http://musicbrainz.org/ws/2/artist/?query=country:US AND tag:""pop punk""&fmt=json"
"302","US","pop rap","2020-01-15 09:11:59",97,"http://musicbrainz.org/ws/2/artist/?query=country:US AND tag:""pop rap""&fmt=json"
"303","US","pop rock","2020-01-15 09:12:00",424,"http://musicbrainz.org/ws/2/artist/?query=country:US AND tag:""pop rock""&fmt=json"
"304","US","pop soul","2020-01-15 09:12:00",103,"http://musicbrainz.org/ws/2/artist/?query=country:US AND tag:""pop soul""&fmt=json"
"305","US","pornogrind","2020-01-15 09:12:01",1,"http://musicbrainz.org/ws/2/artist/?query=country:US AND tag:""pornogrind""&fmt=json"
"306","US","post-bop","2020-01-15 09:12:01",45,"http://musicbrainz.org/ws/2/artist/?query=country:US AND tag:""post-bop""&fmt=json"
"307","US","post-classical","2020-01-15 09:12:11",0,"http://musicbrainz.org/ws/2/artist/?query=country:US AND tag:""post-classical""&fmt=json"
"308","US","post-grunge","2020-01-15 09:12:11",52,"http://musicbrainz.org/ws/2/artist/?query=country:US AND tag:""post-grunge""&fmt=json"
"309","US","post-hardcore","2020-01-15 09:12:12",160,"http://musicbrainz.org/ws/2/artist/?query=country:US AND tag:""post-hardcore""&fmt=json"
"310","US","post-metal","2020-01-15 09:12:12",26,"http://musicbrainz.org/ws/2/artist/?query=country:US AND tag:""post-metal""&fmt=json"
"311","US","post-punk","2020-01-15 09:12:12",132,"http://musicbrainz.org/ws/2/artist/?query=country:US AND tag:""post-punk""&fmt=json"
"312","US","post-rock","2020-01-15 09:12:13",91,"http://musicbrainz.org/ws/2/artist/?query=country:US AND tag:""post-rock""&fmt=json"
"313","US","power electronics","2020-01-15 09:12:13",11,"http://musicbrainz.org/ws/2/artist/?query=country:US AND tag:""power electronics""&fmt=json"
"314","US","power metal","2020-01-15 09:12:13",51,"http://musicbrainz.org/ws/2/artist/?query=country:US AND tag:""power metal""&fmt=json"
"315","US","power pop","2020-01-15 09:12:13",110,"http://musicbrainz.org/ws/2/artist/?query=country:US AND tag:""power pop""&fmt=json"
"316","US","powerviolence","2020-01-15 09:12:24",11,"http://musicbrainz.org/ws/2/artist/?query=country:US AND tag:""powerviolence""&fmt=json"
"317","US","production music","2020-01-15 09:12:24",277,"http://musicbrainz.org/ws/2/artist/?query=country:US AND tag:""production music""&fmt=json"
"318","US","progressive","2020-01-15 09:12:24",346,"http://musicbrainz.org/ws/2/artist/?query=country:US AND tag:""progressive""&fmt=json"
"319","US","progressive folk","2020-01-15 09:12:25",9,"http://musicbrainz.org/ws/2/artist/?query=country:US AND tag:""progressive folk""&fmt=json"
"320","US","progressive house","2020-01-15 09:12:25",19,"http://musicbrainz.org/ws/2/artist/?query=country:US AND tag:""progressive house""&fmt=json"
"321","US","progressive metal","2020-01-15 09:12:25",95,"http://musicbrainz.org/ws/2/artist/?query=country:US AND tag:""progressive metal""&fmt=json"
"322","US","progressive rock","2020-01-15 09:12:26",200,"http://musicbrainz.org/ws/2/artist/?query=country:US AND tag:""progressive rock""&fmt=json"
"323","US","progressive trance","2020-01-15 09:12:26",3,"http://musicbrainz.org/ws/2/artist/?query=country:US AND tag:""progressive trance""&fmt=json"
"324","US","psy-trance","2020-01-15 09:12:26",4,"http://musicbrainz.org/ws/2/artist/?query=country:US AND tag:""psy-trance""&fmt=json"
"325","US","psychedelic","2020-01-15 09:12:36",706,"http://musicbrainz.org/ws/2/artist/?query=country:US AND tag:""psychedelic""&fmt=json"
"326","US","psychedelic folk","2020-01-15 09:12:37",51,"http://musicbrainz.org/ws/2/artist/?query=country:US AND tag:""psychedelic folk""&fmt=json"
"327","US","psychedelic pop","2020-01-15 09:12:37",127,"http://musicbrainz.org/ws/2/artist/?query=country:US AND tag:""psychedelic pop""&fmt=json"
"328","US","psychedelic rock","2020-01-15 09:12:37",521,"http://musicbrainz.org/ws/2/artist/?query=country:US AND tag:""psychedelic rock""&fmt=json"
"329","US","psychobilly","2020-01-15 09:12:38",19,"http://musicbrainz.org/ws/2/artist/?query=country:US AND tag:""psychobilly""&fmt=json"
"330","US","psytrance","2020-01-15 09:12:38",5,"http://musicbrainz.org/ws/2/artist/?query=country:US AND tag:""psytrance""&fmt=json"
"331","US","punk","2020-01-15 09:12:38",2270,"http://musicbrainz.org/ws/2/artist/?query=country:US AND tag:""punk""&fmt=json"
"332","US","punk rock","2020-01-15 09:12:39",176,"http://musicbrainz.org/ws/2/artist/?query=country:US AND tag:""punk rock""&fmt=json"
"333","US","queercore","2020-01-15 09:12:39",7,"http://musicbrainz.org/ws/2/artist/?query=country:US AND tag:""queercore""&fmt=json"
"334","US","r&b","2020-01-15 09:12:49",326,"http://musicbrainz.org/ws/2/artist/?query=country:US AND tag:""r%26b""&fmt=json"
"335","US","ragga","2020-01-15 09:12:50",5,"http://musicbrainz.org/ws/2/artist/?query=country:US AND tag:""ragga""&fmt=json"
"336","US","ragga hip-hop","2020-01-15 09:12:50",1,"http://musicbrainz.org/ws/2/artist/?query=country:US AND tag:""ragga hip-hop""&fmt=json"
"337","US","ragga jungle","2020-01-15 09:12:50",1,"http://musicbrainz.org/ws/2/artist/?query=country:US AND tag:""ragga jungle""&fmt=json"
"338","US","ragtime","2020-01-15 09:12:50",8,"http://musicbrainz.org/ws/2/artist/?query=country:US AND tag:""ragtime""&fmt=json"
"339","US","raï","2020-01-15 09:12:51",0,"http://musicbrainz.org/ws/2/artist/?query=country:US AND tag:""raï""&fmt=json"
"340","US","ranchera","2020-01-15 09:12:51",2,"http://musicbrainz.org/ws/2/artist/?query=country:US AND tag:""ranchera""&fmt=json"
"341","US","rap rock","2020-01-15 09:12:51",28,"http://musicbrainz.org/ws/2/artist/?query=country:US AND tag:""rap rock""&fmt=json"
"342","US","rapcore","2020-01-15 09:12:51",20,"http://musicbrainz.org/ws/2/artist/?query=country:US AND tag:""rapcore""&fmt=json"
"343","US","rave","2020-01-15 09:13:01",2,"http://musicbrainz.org/ws/2/artist/?query=country:US AND tag:""rave""&fmt=json"
"344","US","reggae","2020-01-15 09:13:02",133,"http://musicbrainz.org/ws/2/artist/?query=country:US AND tag:""reggae""&fmt=json"
"345","US","reggaeton","2020-01-15 09:13:02",24,"http://musicbrainz.org/ws/2/artist/?query=country:US AND tag:""reggaeton""&fmt=json"
"346","US","rhythmic noise","2020-01-15 09:13:02",0,"http://musicbrainz.org/ws/2/artist/?query=country:US AND tag:""rhythmic noise""&fmt=json"
"347","US","rock","2020-01-15 09:13:02",5513,"http://musicbrainz.org/ws/2/artist/?query=country:US AND tag:""rock""&fmt=json"
"348","US","rock and roll","2020-01-15 09:13:03",143,"http://musicbrainz.org/ws/2/artist/?query=country:US AND tag:""rock and roll""&fmt=json"
"349","US","rockabilly","2020-01-15 09:13:03",51,"http://musicbrainz.org/ws/2/artist/?query=country:US AND tag:""rockabilly""&fmt=json"
"350","US","rocksteady","2020-01-15 09:13:04",7,"http://musicbrainz.org/ws/2/artist/?query=country:US AND tag:""rocksteady""&fmt=json"
"351","US","roots reggae","2020-01-15 09:13:04",7,"http://musicbrainz.org/ws/2/artist/?query=country:US AND tag:""roots reggae""&fmt=json"
"352","US","rumba","2020-01-15 09:13:14",0,"http://musicbrainz.org/ws/2/artist/?query=country:US AND tag:""rumba""&fmt=json"
"353","US","salsa","2020-01-15 09:13:14",38,"http://musicbrainz.org/ws/2/artist/?query=country:US AND tag:""salsa""&fmt=json"
"354","US","samba","2020-01-15 09:13:15",5,"http://musicbrainz.org/ws/2/artist/?query=country:US AND tag:""samba""&fmt=json"
"355","US","schlager","2020-01-15 09:13:15",1,"http://musicbrainz.org/ws/2/artist/?query=country:US AND tag:""schlager""&fmt=json"
"356","US","screamo","2020-01-15 09:13:15",31,"http://musicbrainz.org/ws/2/artist/?query=country:US AND tag:""screamo""&fmt=json"
"357","US","shibuya-kei","2020-01-15 09:13:15",0,"http://musicbrainz.org/ws/2/artist/?query=country:US AND tag:""shibuya-kei""&fmt=json"
"358","US","shoegaze","2020-01-15 09:13:15",44,"http://musicbrainz.org/ws/2/artist/?query=country:US AND tag:""shoegaze""&fmt=json"
"359","US","singer-songwriter","2020-01-15 09:13:16",261,"http://musicbrainz.org/ws/2/artist/?query=country:US AND tag:""singer-songwriter""&fmt=json"
"360","US","ska","2020-01-15 09:13:16",84,"http://musicbrainz.org/ws/2/artist/?query=country:US AND tag:""ska""&fmt=json"
"361","US","ska punk","2020-01-15 09:13:26",26,"http://musicbrainz.org/ws/2/artist/?query=country:US AND tag:""ska punk""&fmt=json"
"362","US","skacore","2020-01-15 09:13:27",1,"http://musicbrainz.org/ws/2/artist/?query=country:US AND tag:""skacore""&fmt=json"
"363","US","slow waltz","2020-01-15 09:13:27",0,"http://musicbrainz.org/ws/2/artist/?query=country:US AND tag:""slow waltz""&fmt=json"
"364","US","sludge metal","2020-01-15 09:13:27",69,"http://musicbrainz.org/ws/2/artist/?query=country:US AND tag:""sludge metal""&fmt=json"
"365","US","smooth jazz","2020-01-15 09:13:27",34,"http://musicbrainz.org/ws/2/artist/?query=country:US AND tag:""smooth jazz""&fmt=json"
"366","US","smooth soul","2020-01-15 09:13:27",46,"http://musicbrainz.org/ws/2/artist/?query=country:US AND tag:""smooth soul""&fmt=json"
"367","US","soca","2020-01-15 09:13:28",0,"http://musicbrainz.org/ws/2/artist/?query=country:US AND tag:""soca""&fmt=json"
"368","US","soft rock","2020-01-15 09:13:28",73,"http://musicbrainz.org/ws/2/artist/?query=country:US AND tag:""soft rock""&fmt=json"
"369","US","son cubano","2020-01-15 09:13:28",1,"http://musicbrainz.org/ws/2/artist/?query=country:US AND tag:""son cubano""&fmt=json"
"370","US","son montuno","2020-01-15 09:13:39",0,"http://musicbrainz.org/ws/2/artist/?query=country:US AND tag:""son montuno""&fmt=json"
"371","US","soul","2020-01-15 09:13:39",1220,"http://musicbrainz.org/ws/2/artist/?query=country:US AND tag:""soul""&fmt=json"
"372","US","soul jazz","2020-01-15 09:13:39",140,"http://musicbrainz.org/ws/2/artist/?query=country:US AND tag:""soul jazz""&fmt=json"
"373","US","southern rock","2020-01-15 09:13:40",94,"http://musicbrainz.org/ws/2/artist/?query=country:US AND tag:""southern rock""&fmt=json"
"374","US","southern soul","2020-01-15 09:13:40",16,"http://musicbrainz.org/ws/2/artist/?query=country:US AND tag:""southern soul""&fmt=json"
"375","US","space rock","2020-01-15 09:13:41",39,"http://musicbrainz.org/ws/2/artist/?query=country:US AND tag:""space rock""&fmt=json"
"376","US","speed garage","2020-01-15 09:13:41",0,"http://musicbrainz.org/ws/2/artist/?query=country:US AND tag:""speed garage""&fmt=json"
"377","US","speed metal","2020-01-15 09:13:41",32,"http://musicbrainz.org/ws/2/artist/?query=country:US AND tag:""speed metal""&fmt=json"
"378","US","spoken word","2020-01-15 09:13:41",34,"http://musicbrainz.org/ws/2/artist/?query=country:US AND tag:""spoken word""&fmt=json"
"379","US","stoner metal","2020-01-15 09:13:52",62,"http://musicbrainz.org/ws/2/artist/?query=country:US AND tag:""stoner metal""&fmt=json"
"380","US","stoner rock","2020-01-15 09:13:52",125,"http://musicbrainz.org/ws/2/artist/?query=country:US AND tag:""stoner rock""&fmt=json"
"381","US","street punk","2020-01-15 09:13:52",1,"http://musicbrainz.org/ws/2/artist/?query=country:US AND tag:""street punk""&fmt=json"
"382","US","surf rock","2020-01-15 09:13:52",44,"http://musicbrainz.org/ws/2/artist/?query=country:US AND tag:""surf rock""&fmt=json"
"383","US","swing","2020-01-15 09:13:53",81,"http://musicbrainz.org/ws/2/artist/?query=country:US AND tag:""swing""&fmt=json"
"384","US","symphonic black metal","2020-01-15 09:13:53",2,"http://musicbrainz.org/ws/2/artist/?query=country:US AND tag:""symphonic black metal""&fmt=json"
"385","US","symphonic metal","2020-01-15 09:13:53",9,"http://musicbrainz.org/ws/2/artist/?query=country:US AND tag:""symphonic metal""&fmt=json"
"386","US","symphonic prog","2020-01-15 09:13:54",12,"http://musicbrainz.org/ws/2/artist/?query=country:US AND tag:""symphonic prog""&fmt=json"
"387","US","symphonic rock","2020-01-15 09:13:54",9,"http://musicbrainz.org/ws/2/artist/?query=country:US AND tag:""symphonic rock""&fmt=json"
"388","US","symphony","2020-01-15 09:14:04",27,"http://musicbrainz.org/ws/2/artist/?query=country:US AND tag:""symphony""&fmt=json"
"389","US","synth-pop","2020-01-15 09:14:04",39,"http://musicbrainz.org/ws/2/artist/?query=country:US AND tag:""synth-pop""&fmt=json"
"390","US","synthwave","2020-01-15 09:14:05",17,"http://musicbrainz.org/ws/2/artist/?query=country:US AND tag:""synthwave""&fmt=json"
"391","US","tango","2020-01-15 09:14:05",5,"http://musicbrainz.org/ws/2/artist/?query=country:US AND tag:""tango""&fmt=json"
"392","US","tech house","2020-01-15 09:14:05",11,"http://musicbrainz.org/ws/2/artist/?query=country:US AND tag:""tech house""&fmt=json"
"393","US","technical death metal","2020-01-15 09:14:05",13,"http://musicbrainz.org/ws/2/artist/?query=country:US AND tag:""technical death metal""&fmt=json"
"394","US","techno","2020-01-15 09:14:05",122,"http://musicbrainz.org/ws/2/artist/?query=country:US AND tag:""techno""&fmt=json"
"395","US","teen pop","2020-01-15 09:14:06",31,"http://musicbrainz.org/ws/2/artist/?query=country:US AND tag:""teen pop""&fmt=json"
"396","US","thrash metal","2020-01-15 09:14:06",135,"http://musicbrainz.org/ws/2/artist/?query=country:US AND tag:""thrash metal""&fmt=json"
"397","US","thrashcore","2020-01-15 09:14:17",0,"http://musicbrainz.org/ws/2/artist/?query=country:US AND tag:""thrashcore""&fmt=json"
"398","US","timba","2020-01-15 09:14:17",0,"http://musicbrainz.org/ws/2/artist/?query=country:US AND tag:""timba""&fmt=json"
"399","US","traditional country","2020-01-15 09:14:17",15,"http://musicbrainz.org/ws/2/artist/?query=country:US AND tag:""traditional country""&fmt=json"
"400","US","trance","2020-01-15 09:14:17",33,"http://musicbrainz.org/ws/2/artist/?query=country:US AND tag:""trance""&fmt=json"
"401","US","trap","2020-01-15 09:14:18",51,"http://musicbrainz.org/ws/2/artist/?query=country:US AND tag:""trap""&fmt=json"
"402","US","trap edm","2020-01-15 09:14:18",3,"http://musicbrainz.org/ws/2/artist/?query=country:US AND tag:""trap edm""&fmt=json"
"403","US","tribal house","2020-01-15 09:14:18",1,"http://musicbrainz.org/ws/2/artist/?query=country:US AND tag:""tribal house""&fmt=json"
"404","US","trip hop","2020-01-15 09:14:18",28,"http://musicbrainz.org/ws/2/artist/?query=country:US AND tag:""trip hop""&fmt=json"
"405","US","turntablism","2020-01-15 09:14:19",13,"http://musicbrainz.org/ws/2/artist/?query=country:US AND tag:""turntablism""&fmt=json"
"406","US","uk drill","2020-01-15 09:14:29",0,"http://musicbrainz.org/ws/2/artist/?query=country:US AND tag:""uk drill""&fmt=json"
"407","US","uk garage","2020-01-15 09:14:29",6,"http://musicbrainz.org/ws/2/artist/?query=country:US AND tag:""uk garage""&fmt=json"
"408","US","underground hip hop","2020-01-15 09:14:29",20,"http://musicbrainz.org/ws/2/artist/?query=country:US AND tag:""underground hip hop""&fmt=json"
"409","US","vallenato","2020-01-15 09:14:29",0,"http://musicbrainz.org/ws/2/artist/?query=country:US AND tag:""vallenato""&fmt=json"
"410","US","vaporwave","2020-01-15 09:14:30",6,"http://musicbrainz.org/ws/2/artist/?query=country:US AND tag:""vaporwave""&fmt=json"
"411","US","viking metal","2020-01-15 09:14:30",1,"http://musicbrainz.org/ws/2/artist/?query=country:US AND tag:""viking metal""&fmt=json"
"412","US","visual kei","2020-01-15 09:14:30",0,"http://musicbrainz.org/ws/2/artist/?query=country:US AND tag:""visual kei""&fmt=json"
"413","US","vocal house","2020-01-15 09:14:30",0,"http://musicbrainz.org/ws/2/artist/?query=country:US AND tag:""vocal house""&fmt=json"
"414","US","vocal jazz","2020-01-15 09:14:30",45,"http://musicbrainz.org/ws/2/artist/?query=country:US AND tag:""vocal jazz""&fmt=json"
"415","US","vocal trance","2020-01-15 09:14:41",6,"http://musicbrainz.org/ws/2/artist/?query=country:US AND tag:""vocal trance""&fmt=json"
"416","US","west coast hip hop","2020-01-15 09:14:41",32,"http://musicbrainz.org/ws/2/artist/?query=country:US AND tag:""west coast hip hop""&fmt=json"
"417","US","west coast swing","2020-01-15 09:14:41",0,"http://musicbrainz.org/ws/2/artist/?query=country:US AND tag:""west coast swing""&fmt=json"
"418","US","yé-yé","2020-01-15 09:14:41",1,"http://musicbrainz.org/ws/2/artist/?query=country:US AND tag:""yé-yé""&fmt=json"
"419","US","zamrock","2020-01-15 09:14:41",0,"http://musicbrainz.org/ws/2/artist/?query=country:US AND tag:""zamrock""&fmt=json"
"420","US","zydeco","2020-01-15 09:14:41",6,"http://musicbrainz.org/ws/2/artist/?query=country:US AND tag:""zydeco""&fmt=json"
